<?xml version="1.0" encoding="UTF-8"?>
<project-private xmlns="http://www.netbeans.org/ns/project-private/1">
    <editor-bookmarks xmlns="http://www.netbeans.org/ns/editor-bookmarks/2" lastBookmarkId="0"/>
    <open-files xmlns="http://www.netbeans.org/ns/projectui-open-files/2">
        <group>
            <file>file:/C:/Users/hmduong/Documents/NetBeansProjects/CodehubJudgeAssistant/src/java/vn/edu/vnu/uet/fit/utils/NewHibernateUtil.java</file>
            <file>file:/C:/Users/hmduong/Documents/NetBeansProjects/CodehubJudgeAssistant/src/java/hibernate.cfg.xml</file>
            <file>file:/C:/Users/hmduong/Documents/NetBeansProjects/CodehubJudgeAssistant/web/index.html</file>
            <file>file:/C:/Users/hmduong/Documents/NetBeansProjects/CodehubJudgeAssistant/src/java/vn/edu/vnu/uet/fit/service/SubmitService.java</file>
            <file>file:/C:/Users/hmduong/Documents/NetBeansProjects/CodehubJudgeAssistant/src/java/hibernate.reveng.xml</file>
        </group>
    </open-files>
</project-private>
