<?xml version="1.0"?>
<!DOCTYPE hibernate-mapping PUBLIC "-//Hibernate/Hibernate Mapping DTD 3.0//EN"
"http://www.hibernate.org/dtd/hibernate-mapping-3.0.dtd">
<!-- Generated Jun 7, 2016 11:46:11 AM by Hibernate Tools 4.3.1 -->
<hibernate-mapping>
    <class name="vn.edu.vnu.uet.fit.entities.Submissions" table="submissions" catalog="uetcodehub" optimistic-lock="version">
        <id name="submitId" type="java.lang.Integer">
            <column name="submitId" />
            <generator class="identity" />
        </id>
        <property name="problemId" type="int">
            <column name="problemId" not-null="true" />
        </property>
        <property name="examId" type="java.lang.Integer">
            <column name="examId" />
        </property>
        <property name="courseId" type="java.lang.Integer">
            <column name="courseId" />
        </property>
        <property name="userId" type="int">
            <column name="userId" not-null="true" />
        </property>
        <property name="submitTime" type="timestamp">
            <column name="submitTime" length="19" not-null="true" />
        </property>
        <property name="language" type="string">
            <column name="language" length="20" />
        </property>
        <property name="sourceCode" type="string">
            <column name="sourceCode" length="65535" />
        </property>
        <property name="runningTime" type="java.lang.Float">
            <column name="runningTime" precision="12" scale="0" />
        </property>
        <property name="result" type="string">
            <column name="result" length="65535" />
        </property>
        <property name="resultScore" type="java.lang.Integer">
            <column name="resultScore" />
        </property>
        <property name="isActive" type="boolean">
            <column name="isActive" not-null="true" />
        </property>
    </class>
</hibernate-mapping>
